Episodes,Returns,Lengths
0.0,76.09604897182864,148.0
0.25,85.68460220449626,150.6
0.5,106.6270115177648,155.1
0.75,117.44062691724643,159.05
1.0,138.6629792721736,163.8
1.25,208.45937748568184,177.5
1.5,306.7701173426509,196.65
1.75,414.97709472569056,219.95
2.0,528.111099067855,242.6
2.25,629.661903874447,265.75
2.5,720.7365907146147,288.3
2.75,792.190092839136,311.5
3.0,862.1558282435262,334.1
3.25,943.1340093590209,356.3
3.5,1025.7765178321774,379.0
3.75,1099.885554624623,400.95
4.0,1154.853234869911,422.75
4.25,1210.066961146317,444.75
4.5,1259.5741236840681,466.2
4.75,1328.3539659501037,488.05
5.0,1404.510455547638,509.5
5.25,1477.8504231002464,530.2
5.5,1546.2137643780682,548.9
5.75,1622.745785797687,568.05
6.0,1689.8322611059084,586.3
6.25,1709.0700703169252,595.85
6.5,1702.3641506465458,600.0
6.75,1677.1493402708263,600.0
7.0,1654.3272169564807,600.0
7.25,1658.1440008495151,600.0
7.5,1654.2893439371596,600.0
7.75,1664.3903873251504,600.0
8.0,1676.9565004722724,600.0
8.25,1676.194442336006,600.0
8.5,1678.2252688948308,600.0
8.75,1698.1510015208944,600.0
9.0,1709.8771552352366,600.0
9.25,1722.4173955930783,600.0
9.5,1745.1858785532943,600.0
9.75,1740.0537347824302,600.0
10.0,1747.65838189401,600.0
10.25,1755.2709722872157,600.0
10.5,1749.4147032507008,600.0
10.75,1733.3977242745773,600.0
11.0,1731.8962108321962,600.0
11.25,1719.8146237969074,600.0
11.5,1717.9425732239647,600.0
11.75,1723.9845590165146,600.0
12.0,1697.3060491635424,600.0
12.25,1666.8018574281293,600.0
12.5,1659.5552647754917,600.0
12.75,1648.8992526715144,600.0
13.0,1647.1778013183164,600.0
13.25,1645.9877655323235,600.0
13.5,1642.0521145015596,600.0
13.75,1601.647579717353,600.0
14.0,1586.2525813896211,600.0
14.25,1595.4769797861309,600.0
14.5,1568.3402321752906,600.0
14.75,1567.8249932068259,600.0
15.0,1558.5780307278499,600.0
15.25,1540.620117160955,600.0
15.5,1537.5357999476685,600.0
15.75,1545.542685545483,600.0
16.0,1538.4017588684253,600.0
16.25,1532.991904065656,600.0
16.5,1527.0066912779262,600.0
16.75,1519.8508195697882,600.0
17.0,1521.1302092057595,600.0
17.25,1526.5493591852655,600.0
17.5,1524.9011935620324,600.0
17.75,1502.165918313854,600.0
18.0,1486.478142326548,600.0
18.25,1474.482214662919,600.0
18.5,1464.7774524810454,600.0
18.75,1474.6461386751869,600.0
19.0,1499.8547865318828,600.0
19.25,1500.719549503335,600.0
19.5,1521.6045448662717,600.0
19.75,1535.6392734647397,600.0
20.0,1503.1600798627248,600.0
20.25,1511.492148290258,600.0
20.5,1511.9064241796564,600.0
20.75,1512.0988925187403,600.0
21.0,1511.9435488403512,600.0
21.25,1511.9892263707402,600.0
21.5,1501.076243842071,600.0
21.75,1485.5467105359562,600.0
22.0,1466.8636696527783,600.0
22.25,1466.7090794712926,600.0
22.5,1433.6937430184598,600.0
22.75,1467.630993951394,600.0
23.0,1483.1508292530511,600.0
23.25,1494.2120256746064,600.0
23.5,1470.8945590797282,600.0
23.75,1470.8945590797282,600.0
24.0,1471.0539396790748,600.0
24.25,1471.1088244985851,600.0
24.5,1470.7093051548468,600.0
24.75,1461.0471739969314,600.0
25.0,1493.9146696946095,600.0
25.25,1479.8672124433274,600.0
25.5,1470.0089711587948,600.0
25.75,1470.0803589125376,600.0
26.0,1470.227827584251,600.0
26.25,1465.7559267452227,600.0
26.5,1475.6112078863753,600.0
26.75,1475.6112078863753,600.0
27.0,1508.6246234025746,600.0
27.25,1475.7297084973761,600.0
27.5,1498.8181041526082,600.0
27.75,1497.590473472272,600.0
28.0,1496.3548542797646,600.0
28.25,1485.3907031554406,600.0
28.5,1508.7702850465453,600.0
28.75,1490.0648547187436,600.0
29.0,1488.7767312349292,600.0
29.25,1474.394397338096,600.0
29.5,1485.2717103538223,600.0
29.75,1494.9716227826605,600.0
30.0,1480.7249869272337,600.0
30.25,1462.0520312402637,600.0
30.5,1473.046359729508,600.0
30.75,1457.51256857434,600.0
31.0,1447.8060421865098,600.0
31.25,1429.1054781907094,600.0
31.5,1419.1464293044385,600.0
31.75,1433.4157901087435,600.0
32.0,1433.4205171365927,600.0
32.25,1466.3745526727412,600.0
32.5,1477.4176688658079,600.0
32.75,1478.9023033098922,600.0
33.0,1469.1980093303189,600.0
33.25,1469.2081963604219,600.0
33.5,1480.1201497936775,600.0
33.75,1513.094940925784,600.0
34.0,1514.4449397482424,600.0
34.25,1514.4449397482422,600.0
34.5,1498.871041600308,600.0
34.75,1500.2242253007357,600.0
35.0,1500.2242253007357,600.0
35.25,1518.9058157897882,600.0
35.5,1518.9542170878462,600.0
35.75,1500.2726265987935,600.0
36.0,1495.7097921823186,600.0
36.25,1529.9923394119774,600.0
36.5,1539.8213707615782,600.0
36.75,1506.870419468221,600.0
37.0,1508.204214802548,600.0
37.25,1475.2581723109847,600.0
37.5,1473.9398244238396,600.0
37.75,1473.6676822387521,600.0
38.0,1483.3673171810535,600.0
38.25,1478.7942708914659,600.0
38.5,1478.7777672921893,600.0
38.75,1464.5084064878843,600.0
39.0,1453.47829663884,600.0
39.25,1469.0637604260914,600.0
39.5,1483.3198469646268,600.0
39.75,1449.0351003369424,600.0
40.0,1464.6382564755743,600.0
40.25,1464.6382564755743,600.0
40.5,1430.367970512641,600.0
40.75,1464.6282747138164,600.0
41.0,1464.6282747138164,600.0
41.25,1464.6440219653682,600.0
41.5,1450.3746611610632,600.0
41.75,1473.6292979397035,600.0
42.0,1472.2955026053764,600.0
42.25,1495.5501393840166,600.0
42.5,1462.5991880906593,600.0
42.75,1447.1361674815926,600.0
43.0,1448.483048618447,600.0
43.25,1453.0560949080345,600.0
43.5,1437.4694423686792,600.0
43.75,1437.469442368679,600.0
44.0,1447.1657568833962,600.0
44.25,1445.8320118036445,600.0
44.5,1445.8452860694142,600.0
44.75,1478.7962373627718,600.0
45.0,1477.4624420284447,600.0
45.25,1493.0526916403155,600.0
45.5,1493.0526916403153,600.0
45.75,1482.0470242177803,600.0
46.0,1482.0470242177803,600.0
46.25,1480.718654536675,600.0
46.5,1494.98801534098,600.0
46.75,1506.0128545563837,600.0
47.0,1507.346649890711,600.0
47.25,1518.3767597397552,600.0
47.5,1551.3277110331126,600.0
47.75,1532.6461205440603,600.0
48.0,1498.3613739163757,600.0
48.25,1493.7883276267878,600.0
48.5,1475.106737137735,600.0
48.75,1475.106737137735,600.0
49.0,1475.106737137735,600.0
49.25,1460.8550184302353,600.0
49.5,1460.8550184302353,600.0
49.75,1460.8550184302355,600.0
50.0,1451.1587039155183,600.0
50.25,1451.1642559103384,600.0
50.5,1469.8458463993907,600.0
50.75,1480.875956248435,600.0
51.0,1495.1453170527398,600.0
51.25,1496.4791123870668,600.0
51.5,1496.4669665951587,600.0
51.75,1496.4722372287993,600.0
52.0,1495.1384418944722,600.0
52.25,1495.1288795747948,600.0
52.5,1485.4325650600776,600.0
52.75,1518.3835163534352,600.0
53.0,1541.6381531320753,600.0
53.25,1522.949029733874,600.0
53.5,1555.8999810272317,600.0
53.75,1555.8999810272314,600.0
54.0,1555.8909664746504,600.0
54.25,1570.1603272789557,600.0
54.5,1571.4941226132826,600.0
54.75,1572.8279179476099,600.0
55.0,1582.524232462327,600.0
55.25,1581.1977916599412,600.0
55.5,1585.7708379495289,600.0
55.75,1585.7708379495289,600.0
56.0,1571.5014771452238,600.0
56.25,1570.1676818108967,600.0
56.5,1570.179827602805,600.0
56.75,1554.576671464173,600.0
57.0,1544.8803569494557,600.0
57.25,1533.8598094200886,600.0
57.5,1510.6051726414485,600.0
57.75,1500.9088581267313,600.0
58.0,1510.6051726414485,600.0
58.25,1543.5636568439545,600.0
58.5,1543.5636568439545,600.0
58.75,1559.1668129825866,600.0
59.0,1549.4795130204504,600.0
59.25,1516.528561727093,600.0
59.5,1505.4984518780486,600.0
59.75,1489.8952957394165,600.0
60.0,1489.8820283308328,600.0
60.25,1456.9310770374755,600.0
60.5,1452.3580307478876,600.0
60.75,1451.021130613817,600.0
61.0,1451.021130613817,600.0
61.25,1436.751769809512,600.0
61.5,1422.482409005207,600.0
61.75,1436.751769809512,600.0
62.0,1432.1787235199245,600.0
62.25,1441.8750380346416,600.0
62.5,1465.129674813282,600.0
62.75,1441.8750380346416,600.0
63.0,1441.8750380346416,600.0
63.25,1408.924086741284,600.0
63.5,1408.924086741284,600.0
63.75,1397.89397689224,600.0
64.0,1408.9240867412843,600.0
64.25,1432.1787235199247,600.0
64.5,1443.2088333689687,600.0
64.75,1443.2088333689687,600.0
65.0,1443.2221007775527,600.0
65.25,1466.4767375561928,600.0
65.5,1471.0497838457804,600.0
65.75,1456.7835278412192,600.0
66.0,1472.3866839798513,600.0
66.25,1487.9898401184832,600.0
66.5,1487.9898401184832,600.0
66.75,1473.7204793141784,600.0
67.0,1473.7204793141782,600.0
67.25,1475.0542746485053,600.0
67.5,1470.4812283589176,600.0
67.75,1504.7659749866023,600.0
68.0,1495.069660471885,600.0
68.25,1495.069660471885,600.0
68.5,1485.3733459571679,600.0
68.75,1485.3733459571679,600.0
69.0,1484.0395506228408,600.0
69.25,1484.0395506228408,600.0
69.5,1482.7057552885137,600.0
69.75,1496.9751160928186,600.0
70.0,1496.9751160928186,600.0
70.25,1473.7204793141784,600.0
70.5,1473.7204793141784,600.0
70.75,1455.038888825126,600.0
71.0,1455.0567884028287,600.0
71.25,1420.772041775144,600.0
71.5,1435.0414025794491,600.0
71.75,1416.3598120903966,600.0
72.0,1416.3598120903964,600.0
72.25,1415.0260167560693,600.0
72.5,1429.2953775603742,600.0
72.75,1395.0106309326898,600.0
73.0,1406.0268127279528,600.0
73.25,1438.9777640213101,600.0
73.5,1434.4047177317223,600.0
73.75,1444.1010322464394,600.0
74.0,1411.1500809530821,600.0
74.25,1406.5770346634943,600.0
74.5,1407.9108299978216,600.0
74.75,1407.8938947050829,600.0
75.0,1393.6245339007778,600.0
75.25,1393.6245339007778,600.0
75.5,1403.3208484154952,600.0
75.75,1422.0024389045477,600.0
76.0,1410.9544294778004,600.0
76.25,1429.636019966853,600.0
76.5,1429.636019966853,600.0
76.75,1429.621989648174,600.0
77.0,1443.8811043749602,600.0
77.25,1434.1847898602432,600.0
77.5,1401.2338385668859,600.0
77.75,1424.4884753455258,600.0
78.0,1423.1598569511223,600.0
78.25,1413.463542436405,600.0
78.5,1429.0666985750372,600.0
78.75,1430.4004939093643,600.0
79.0,1463.3514452027218,600.0
79.25,1467.9244914923097,600.0
79.5,1433.639744864625,600.0
79.75,1423.9603656426466,600.0
80.0,1439.551930860019,600.0
80.25,1473.8261455373645,600.0
80.5,1473.8261455373647,600.0
80.75,1489.4293016759968,600.0
81.0,1484.856255386409,600.0
81.25,1484.856255386409,600.0
81.5,1451.9053040930517,600.0
81.75,1470.6009249007832,600.0
82.0,1470.6111709783017,600.0
82.25,1481.6265406561604,600.0
82.5,1514.577491949518,600.0
82.75,1491.3228551708776,600.0
83.0,1491.3316062847357,600.0
83.25,1501.0279207994529,600.0
83.5,1466.7431741717683,600.0
83.75,1466.7335559471883,600.0
84.0,1452.4641951428835,600.0
84.25,1452.4641951428835,600.0
84.5,1475.7188319215236,600.0
84.75,1485.4151464362408,600.0
85.0,1469.8235812188682,600.0
85.25,1469.8263393797902,600.0
85.5,1460.130024865073,600.0
85.75,1444.526868726441,600.0
86.0,1449.0999150160287,600.0
86.25,1430.547759184872,600.0
86.5,1430.547759184872,600.0
86.75,1435.1107155135658,600.0
87.0,1436.4153051114636,600.0
87.25,1436.3972006167746,600.0
87.5,1436.3703132862229,600.0
87.75,1459.6038218285744,600.0
88.0,1426.6377998509683,600.0
88.25,1426.6166743908268,600.0
88.5,1445.290789253943,600.0
88.75,1443.9246338515084,600.0
89.0,1458.1346292109656,600.0
89.25,1453.6212071980012,600.0
89.5,1432.3767628955459,600.0
89.75,1405.1031352525297,600.0
90.0,1408.7219577189217,600.0
90.25,1405.6218768669723,600.0
90.5,1410.7958284588833,600.0
90.75,1418.8325444411366,600.0
91.0,1422.3967664633255,600.0
91.25,1448.943829397404,600.0
91.5,1477.0519953345824,600.0
91.75,1481.9156144540152,600.0
92.0,1473.2616561794189,600.0
92.25,1467.1179201547877,600.0
92.5,1460.870353783956,600.0
92.75,1464.2782460186268,600.0
93.0,1490.9698142948496,600.0
93.25,1486.1481543988125,600.0
93.5,1494.1505371276705,600.0
93.75,1487.918061718975,600.0
94.0,1481.667876647487,600.0
94.25,1489.6031594737856,600.0
94.5,1514.269464589575,600.0
94.75,1534.1937235558923,600.0
95.0,1538.5698081924222,600.0
95.25,1535.5010821432825,600.0
95.5,1535.224789502961,600.0
95.75,1536.6587787618842,600.0
96.0,1537.9823957915357,600.0
96.25,1539.458193929791,600.0
96.5,1538.0265255845861,600.0
96.75,1538.0265255845861,600.0
97.0,1539.1014405599017,600.0
97.25,1539.1455703529523,600.0
97.5,1539.1455703529523,600.0
97.75,1540.6564653061596,600.0
98.0,1542.0881336513642,600.0
98.25,1540.6564653061596,600.0
98.5,1540.6564653061596,600.0
98.75,1540.6564653061596,600.0
99.0,1540.6564653061596,600.0
99.25,1540.6564653061596,600.0
99.5,1540.6564653061596,600.0
99.75,1541.6862763610427,600.0
100.0,1541.6862763610425,600.0
100.25,1540.2195112008856,600.0
100.5,1538.7086162476785,600.0
100.75,1537.197721294471,600.0
101.0,1534.6568280806491,600.0
101.25,1532.115301184795,600.0
101.5,1533.5469695299996,600.0
101.75,1533.5469695299996,600.0
102.0,1535.0227676682546,600.0
102.25,1533.5118727150473,600.0
102.5,1532.4267238212146,600.0
102.75,1529.8760107076444,600.0
103.0,1528.4443423624398,600.0
103.25,1528.4849181255274,600.0
103.5,1527.410003150212,600.0
103.75,1526.335088174897,600.0
104.0,1526.335088174897,600.0
104.25,1526.2999913599447,600.0
104.5,1526.2999913599447,600.0
104.75,1526.3099984654248,600.0
105.0,1526.3515485575142,600.0
105.25,1525.3117303971512,600.0
105.5,1524.2719122367882,600.0
105.75,1523.2244848165587,600.0
106.0,1525.7310681370786,600.0
106.25,1526.761700079725,600.0
106.5,1525.3300317345206,600.0
106.75,1525.3300317345206,600.0
107.0,1523.8542335962654,600.0
107.25,1523.8542335962654,600.0
107.5,1526.4151806283533,600.0
107.75,1527.474494723693,600.0
108.0,1526.3995797483776,600.0
108.25,1526.3382687072278,600.0
108.5,1526.3232315099865,600.0
108.75,1527.3630496703495,600.0
109.0,1528.8298148305064,600.0
109.25,1527.7808798528035,600.0
109.5,1527.7808798528035,600.0
109.75,1529.291774806011,600.0
110.0,1529.2502247139214,600.0
110.25,1530.325139689237,600.0
110.5,1530.325139689237,600.0
110.75,1532.8393322696231,600.0
111.0,1532.8834620626735,600.0
111.25,1534.3502272228304,600.0
111.5,1535.8260253610856,600.0
111.75,1535.8260253610856,600.0
112.0,1537.3018234993408,600.0
112.25,1537.3018234993408,600.0
112.5,1535.8260253610856,600.0
112.75,1535.8065294261091,600.0
113.0,1536.8814444014245,600.0
113.25,1535.8272647041706,600.0
113.5,1535.8313254424081,600.0
113.75,1537.3422203956156,600.0
114.0,1537.3863501886663,600.0
114.25,1537.3954670060061,600.0
114.5,1537.3954670060061,600.0
114.75,1534.8447538924358,600.0
115.0,1536.2764222376404,600.0
115.25,1536.2668702097728,600.0
115.5,1537.341785185088,600.0
115.75,1537.3859149781388,600.0
116.0,1537.3417851850882,600.0
116.25,1535.9101168398836,600.0
116.5,1534.3992218866763,600.0
116.75,1531.8926385661564,600.0
117.0,1531.8926385661564,600.0
117.25,1531.9277353811087,600.0
117.5,1530.8442078829662,600.0
117.75,1530.8442078829664,600.0
118.0,1532.275876228171,600.0
118.25,1533.3156943885338,600.0
118.5,1534.4015858228527,600.0
118.75,1532.9257876845975,600.0
119.0,1532.881657891547,600.0
119.25,1535.4323710051174,600.0
119.5,1535.3972741901648,600.0
119.75,1536.437092350528,600.0
120.0,1535.0054240053237,600.0
120.25,1535.014976033191,600.0
120.5,1535.014976033191,600.0
120.75,1535.014976033191,600.0
121.0,1533.5482108730343,600.0
121.25,1534.9798792182387,600.0
121.5,1534.9798792182387,600.0
121.75,1537.4864625387586,600.0
122.0,1536.0106644005034,600.0
122.25,1534.935749425188,600.0
122.5,1536.0192769233304,600.0
122.75,1536.054373738283,600.0
123.0,1534.6227053930784,600.0
123.25,1534.6578022080307,600.0
123.5,1534.6578022080307,600.0
123.75,1536.1336003462857,600.0
124.0,1536.1336003462857,600.0
124.25,1536.133600346286,600.0
124.5,1537.6003655064428,600.0
124.75,1539.0671306665997,600.0
125.0,1537.9922156912844,600.0
125.25,1536.917300715969,600.0
125.5,1536.917300715969,600.0
125.75,1535.4064057627616,600.0
126.0,1534.3665876023986,600.0
126.25,1532.9518083184973,600.0
126.5,1534.4185734786545,600.0
126.75,1532.9869051334497,600.0
127.0,1534.4627032717049,600.0
127.25,1536.9692865922248,600.0
127.5,1536.9692865922248,600.0
127.75,1538.4450847304797,600.0
128.0,1539.8767530756843,600.0
128.25,1541.3525512139395,600.0
128.5,1542.784219559144,600.0
128.75,1541.2733246059365,600.0
129.0,1539.8065594457796,600.0
129.25,1537.2558463322093,600.0
129.5,1535.8241779870048,600.0
129.75,1533.3175946664846,600.0
130.0,1535.8683077800551,600.0
130.25,1536.9349015825906,600.0
130.5,1535.8599866072752,600.0
130.75,1535.8599866072752,600.0
131.0,1536.9349015825906,600.0
131.25,1535.843097545972,600.0
131.5,1533.336514225452,600.0
131.75,1533.336514225452,600.0
132.0,1533.2923844324016,600.0
132.25,1533.336514225452,600.0
132.5,1533.3365142254522,600.0
132.75,1530.785801111882,600.0
133.0,1529.3541327666771,600.0
133.25,1529.3100029736265,600.0
133.5,1527.8783346284222,600.0
133.75,1527.8783346284222,600.0
134.0,1527.9134314433745,600.0
134.25,1527.9134314433745,600.0
134.5,1527.9134314433745,600.0
134.75,1528.9883464186898,600.0
135.0,1526.4376333051193,600.0
135.25,1526.410857662947,600.0
135.5,1527.4857726382625,600.0
135.75,1527.4857726382625,600.0
136.0,1528.9174409834668,600.0
136.25,1529.9923559587821,600.0
136.5,1532.5430690723526,600.0
136.75,1534.0188672106076,600.0
137.0,1532.587198865403,600.0
137.25,1532.587198865403,600.0
137.5,1532.5521020504507,600.0
137.75,1533.627017025766,600.0
138.0,1532.5521020504507,600.0
138.25,1532.5521020504507,600.0
138.5,1532.540915861447,600.0
138.75,1532.540915861447,600.0
139.0,1532.540915861447,600.0
139.25,1533.58073402181,600.0
139.5,1533.5456372068577,600.0
139.75,1532.4707222315421,600.0
140.0,1533.5105403919051,600.0
140.25,1533.5456372068575,600.0
140.5,1535.0214353451124,600.0
140.75,1535.056532160065,600.0
141.0,1533.589766999908,600.0
141.25,1535.0214353451124,600.0
141.5,1535.0214353451124,600.0
141.75,1533.5456372068575,600.0
142.0,1532.4649816273698,600.0
142.25,1529.9094045961658,600.0
142.5,1529.9094045961658,600.0
142.75,1529.8743077812135,600.0
143.0,1530.9492227565288,600.0
143.25,1529.482457596372,600.0
143.5,1529.4585469704232,600.0
143.75,1529.4822612979483,600.0
144.0,1530.9139296431526,600.0
144.25,1530.949026458105,600.0
144.5,1530.949026458105,600.0
144.75,1530.949026458105,600.0
145.0,1530.9684857038683,600.0
145.25,1530.933388888916,600.0
145.5,1529.4224939357084,600.0
145.75,1529.4224939357084,600.0
146.0,1529.457590750661,600.0
146.25,1529.5017205437114,600.0
146.5,1528.0259224054564,600.0
146.75,1528.0259224054564,600.0
147.0,1529.106577984944,600.0
147.25,1530.1863568778929,600.0
147.5,1531.6972518311002,600.0
147.75,1533.164016991257,600.0
148.0,1533.1541582205557,600.0
148.25,1532.1143400601927,600.0
148.5,1533.5811052203494,600.0
148.75,1535.0241560529814,600.0
149.0,1535.0241560529814,600.0
149.25,1535.0241560529817,600.0
149.5,1536.535051006189,600.0
149.75,1537.609965981504,600.0
150.0,1536.5506885753782,600.0
150.25,1538.0615835285857,600.0
150.5,1538.096680343538,600.0
150.75,1539.572478481793,600.0
151.0,1539.5724784817933,600.0
151.25,1537.0217653682228,600.0
151.5,1536.9866685532704,600.0
151.75,1536.9866685532704,600.0
152.0,1536.951571738318,600.0
152.25,1536.951571738318,600.0
152.5,1535.475773600063,600.0
152.75,1534.009008439906,600.0
153.0,1533.9837703956553,600.0
153.25,1535.0235885560182,600.0
153.5,1535.0235885560182,600.0
153.75,1532.5170052354983,600.0
154.0,1532.5170052354983,600.0
154.25,1532.5170052354983,600.0
154.5,1531.0061102822908,600.0
154.75,1531.0061102822906,600.0
155.0,1532.0459284426538,600.0
155.25,1532.0459284426538,600.0
155.5,1530.9710134673383,600.0
155.75,1529.4952153290833,600.0
156.0,1530.9268836742876,600.0
156.25,1531.9667018346508,600.0
156.5,1533.4775967878581,600.0
156.75,1532.4026818125428,600.0
157.0,1533.9135767657503,600.0
157.25,1533.9135767657503,600.0
157.5,1533.9135767657501,600.0
157.75,1533.9135767657503,600.0
158.0,1533.9135767657503,600.0
158.25,1535.3803419259073,600.0
158.5,1535.3803419259073,600.0
158.75,1537.9310550394778,600.0
159.0,1536.4642898793209,600.0
159.25,1537.9400880175758,600.0
159.5,1537.9751848325282,600.0
159.75,1539.4509829707833,600.0
160.0,1538.4111648104204,600.0
160.25,1536.9353666721652,600.0
160.5,1538.0102816474805,600.0
160.75,1539.4419499926848,600.0
161.0,1536.9353666721652,600.0
161.25,1538.402131832322,600.0
161.5,1536.9263336940671,600.0
161.75,1539.4770468076374,600.0
162.0,1536.9263336940671,600.0
162.25,1538.402131832322,600.0
162.5,1539.8338001775267,600.0
162.75,1541.344695130734,600.0
163.0,1541.3797919456865,600.0
163.25,1539.948123600482,600.0
163.5,1539.9922533935326,600.0
163.75,1538.481358440325,600.0
164.0,1538.481358440325,600.0
164.25,1535.9306453267548,600.0
164.5,1535.8955485118024,600.0
164.75,1534.4197503735472,600.0
165.0,1534.4197503735472,600.0
165.25,1533.344835398232,600.0
165.5,1533.3448353982317,600.0
165.75,1533.3448353982317,600.0
166.0,1534.384653558595,600.0
166.25,1534.384653558595,600.0
166.5,1535.8604516968499,600.0
166.75,1535.8163219037992,600.0
167.0,1535.8163219037992,600.0
167.25,1535.772192110749,600.0
167.5,1535.7721921107488,600.0
167.75,1533.2214789971783,600.0
168.0,1533.2214789971783,600.0
168.25,1532.1465640218632,600.0
168.5,1529.5958509082925,600.0
168.75,1529.630947723245,600.0
169.0,1529.630947723245,600.0
169.25,1532.137531043765,600.0
169.5,1533.6484259969725,600.0
169.75,1533.6484259969725,600.0
170.0,1533.6484259969725,600.0
170.25,1534.6882441573355,600.0
170.5,1536.11991250254,600.0
170.75,1536.11991250254,600.0
171.0,1537.6308074557476,600.0
171.25,1536.199139110543,600.0
171.5,1536.1991391105428,600.0
171.75,1536.2432689035934,600.0
172.0,1538.793982017164,600.0
172.25,1536.287398696644,600.0
172.5,1534.8557303514394,600.0
172.75,1535.9306453267548,600.0
173.0,1537.4064434650095,600.0
173.25,1539.9571565785802,600.0
173.5,1540.996974738943,600.0
173.75,1542.4286430841476,600.0
174.0,1543.8954082443045,600.0
174.25,1543.9395380373549,600.0
174.5,1542.4637398991,600.0
174.75,1541.3888249237846,600.0
175.0,1541.3888249237846,600.0
175.25,1542.8555900839415,600.0
175.5,1542.8555900839415,600.0
175.75,1542.8555900839415,600.0
176.0,1541.3446951307342,600.0
176.25,1542.7763634759388,600.0
176.5,1540.2256503623682,600.0
176.75,1540.2256503623682,600.0
177.0,1540.2256503623682,600.0
177.25,1541.2654685227312,600.0
177.5,1542.6971368679358,600.0
177.75,1542.6620400529835,600.0
178.0,1541.1862419147285,600.0
178.25,1538.635528801158,600.0
178.5,1538.6706256161103,600.0
178.75,1537.2038604559534,600.0
179.0,1535.772192110749,600.0
179.25,1534.2963939724937,600.0
179.5,1535.772192110749,600.0
179.75,1536.8471070860644,600.0
180.0,1537.9220220613795,600.0
180.25,1536.490353716175,600.0
180.5,1536.490353716175,600.0
180.75,1533.983770395655,600.0
181.0,1533.983770395655,600.0
181.25,1532.5521020504507,600.0
181.5,1533.6270170257662,600.0
181.75,1532.1512188875108,600.0
182.0,1532.1512188875108,600.0
182.25,1531.1114007271478,600.0
182.5,1529.6797323819433,600.0
182.75,1528.6399142215803,600.0
183.0,1530.1157123598355,600.0
183.25,1531.1555305201985,600.0
183.5,1531.1555305201985,600.0
183.75,1531.1555305201987,600.0
184.0,1530.0806155448831,600.0
184.25,1531.5564136831383,600.0
184.5,1529.0057005695678,600.0
184.75,1530.481498707823,600.0
185.0,1530.4814987078228,600.0
185.25,1530.4814987078228,600.0
185.5,1529.0498303626182,600.0
185.75,1531.556413683138,600.0
186.0,1531.5915104980904,600.0
186.25,1531.5915104980904,600.0
186.5,1531.5915104980904,600.0
186.75,1531.5915104980904,600.0
187.0,1530.0806155448831,600.0
187.25,1531.1555305201987,600.0
187.5,1532.587198865403,600.0
187.75,1535.093782185923,600.0
188.0,1533.5828872327154,600.0
188.25,1533.5828872327154,600.0
188.5,1532.5079722574,600.0
188.75,1533.9747374175572,600.0
189.0,1533.9747374175572,600.0
189.25,1533.9306076245064,600.0
189.5,1536.4813207380769,600.0
189.75,1535.005522599822,600.0
190.0,1535.0055225998217,600.0
190.25,1533.9306076245064,600.0
190.5,1535.4064057627616,600.0
190.75,1535.4064057627616,600.0
191.0,1535.4064057627616,600.0
191.25,1536.8822039010167,600.0
191.5,1538.3580020392717,600.0
191.75,1537.2830870639564,600.0
192.0,1537.3181838789087,600.0
192.25,1537.3181838789087,600.0
192.5,1535.8865155337041,600.0
192.75,1534.4548471884996,600.0
193.0,1535.965742141707,600.0
193.25,1535.9657421417073,600.0
193.5,1537.0406571170224,600.0
193.75,1537.0406571170224,600.0
194.0,1539.591370230593,600.0
194.25,1538.1597018853881,600.0
194.5,1538.1155720923375,600.0
194.75,1539.5913702305927,600.0
195.0,1539.5913702305927,600.0
195.25,1540.631188390956,600.0
195.5,1540.631188390956,600.0
195.75,1540.6311883909557,600.0
196.0,1540.6311883909557,600.0
196.25,1539.1202934377484,600.0
196.5,1537.6093984845409,600.0
196.75,1538.6843134598562,600.0
197.0,1538.6843134598562,600.0
197.25,1538.6843134598562,600.0
197.5,1537.6093984845409,600.0
197.75,1537.6093984845406,600.0
198.0,1537.5652686914902,600.0
198.25,1539.0320338516472,600.0
198.5,1539.0320338516472,600.0
198.75,1536.5254505311273,600.0
199.0,1533.974737417557,600.0
199.25,1532.8998224422417,600.0
199.5,1532.8998224422417,600.0
199.75,1532.8998224422417,600.0
200.0,1532.8998224422417,600.0
200.25,1532.934919257194,600.0
200.5,1530.384206143624,600.0
200.75,1530.3842061436237,600.0
201.0,1531.8600042818787,600.0
201.25,1531.8951010968312,600.0
201.5,1531.9301979117836,600.0
201.75,1533.4059960500385,600.0
202.0,1532.3310810747232,600.0
202.25,1533.8068792129784,600.0
202.5,1533.8068792129784,600.0
202.75,1535.2826773512334,600.0
203.0,1532.7760940307135,600.0
203.25,1532.7760940307135,600.0
203.5,1531.7011790553981,600.0
203.75,1534.2518921689684,600.0
204.0,1535.2917103293314,600.0
204.25,1536.3666253046467,600.0
204.5,1533.8600419841268,600.0
204.75,1533.8159121910762,600.0
205.0,1535.2475805362808,600.0
205.25,1536.6792488814854,600.0
205.5,1537.7190670418483,600.0
205.75,1536.2523018816914,600.0
206.0,1536.2523018816914,600.0
206.25,1537.683970226896,600.0
206.5,1536.6090552515807,600.0
206.75,1536.6090552515807,600.0
207.0,1536.6090552515805,600.0
207.25,1535.1332571133255,600.0
207.5,1535.1332571133255,600.0
207.75,1535.1332571133257,600.0
208.0,1536.173075273689,600.0
208.25,1534.7063101135318,600.0
208.5,1535.781225088847,600.0
208.75,1534.305426950592,600.0
209.0,1534.3405237655443,600.0
209.25,1534.3405237655443,600.0
209.5,1535.4154387408596,600.0
209.75,1533.9486735807027,600.0
210.0,1532.5170052354983,600.0
210.25,1531.0502400753414,600.0
210.5,1532.5170052354983,600.0
210.75,1532.5521020504507,600.0
211.0,1532.5521020504507,600.0
211.25,1532.5521020504507,600.0
211.5,1533.627017025766,600.0
211.75,1533.5828872327154,600.0
212.0,1534.6578022080307,600.0
212.25,1533.5828872327152,600.0
212.5,1534.6578022080307,600.0
212.75,1532.1070890944604,600.0
213.0,1533.5738542546173,600.0
213.25,1533.6089510695697,600.0
213.5,1532.5340360942544,600.0
213.75,1531.4591211189388,600.0
214.0,1531.459121118939,600.0
214.25,1532.934919257194,600.0
214.5,1532.8998224422417,600.0
214.75,1534.3665876023988,600.0
215.0,1534.3665876023988,600.0
215.25,1533.3267694420358,600.0
215.5,1530.8201861215157,600.0
215.75,1532.2959842597706,600.0
216.0,1532.2518544667205,600.0
216.25,1530.8201861215157,600.0
216.5,1529.7452711462006,600.0
216.75,1527.2386878256807,600.0
217.0,1526.1637728503651,600.0
217.25,1528.670356170885,600.0
217.5,1527.5954411955697,600.0
217.75,1530.1461543091402,600.0
218.0,1527.6395709886203,600.0
218.25,1529.1153691268753,600.0
218.5,1530.1902841021906,600.0
218.75,1531.2651990775062,600.0
219.0,1530.1902841021906,600.0
219.25,1530.1902841021906,600.0
219.5,1530.1902841021906,600.0
219.75,1530.1902841021906,600.0
220.0,1530.1551872872383,600.0
220.25,1531.2301022625538,600.0
220.5,1532.2699204229168,600.0
220.75,1532.2257906298662,600.0
221.0,1532.2699204229166,600.0
221.25,1533.7457185611718,600.0
221.5,1536.296431674742,600.0
221.75,1537.3362498351048,600.0
222.0,1538.4111648104204,600.0
222.25,1536.979496465216,600.0
222.5,1539.4860797857357,600.0
222.75,1537.9751848325282,600.0
223.0,1540.481768153048,600.0
223.25,1538.9708731998405,600.0
223.5,1540.4025415450453,600.0
223.75,1541.83420989025,600.0
224.0,1542.8740280506127,600.0
224.25,1541.3631330974051,600.0
224.5,1541.3982299123577,600.0
224.75,1541.4423597054083,600.0
225.0,1540.4025415450453,600.0
225.25,1540.3674447300928,600.0
225.5,1541.8342098902497,600.0
225.75,1541.8342098902497,600.0
226.0,1540.3584117519945,600.0
226.25,1538.8475167987872,600.0
226.5,1537.3717186605322,600.0
226.75,1537.3717186605322,600.0
227.0,1537.3366218455799,600.0
227.25,1537.3366218455799,600.0
227.5,1535.869856685423,600.0
227.75,1537.3366218455799,600.0
228.0,1537.3807516386303,600.0
228.25,1536.3409334782673,600.0
228.5,1536.3409334782673,600.0
228.75,1534.9092651330627,600.0
229.0,1533.8694469726997,600.0
229.25,1533.9045437876523,600.0
229.5,1533.8694469727,600.0
229.75,1532.3936488344448,600.0
230.0,1534.9443619480153,600.0
230.25,1534.9794587629676,600.0
230.5,1533.547790417763,600.0
230.75,1531.0412070972432,600.0
231.0,1531.0412070972432,600.0
231.25,1532.5079722574,600.0
231.5,1533.9396406026046,600.0
231.75,1533.9747374175572,600.0
232.0,1535.441502577714,600.0
232.25,1536.8731709229185,600.0
232.5,1535.8333527625555,600.0
232.75,1534.3665876023986,600.0
233.0,1532.8907894641436,600.0
233.25,1535.4415025777141,600.0
233.5,1535.4856323707645,600.0
233.75,1536.9614305090195,600.0
234.0,1539.4680138295394,600.0
234.25,1539.432917014587,600.0
234.5,1540.9438119677948,600.0
234.75,1540.9087151528422,600.0
235.0,1539.3978201996347,600.0
235.25,1538.3229052243194,600.0
235.5,1537.2479902490038,600.0
235.75,1539.7545735695237,600.0
236.0,1539.7545735695237,600.0
236.25,1539.7545735695237,600.0
236.5,1538.287808409367,600.0
236.75,1539.763606547622,600.0
237.0,1539.763606547622,600.0
237.25,1539.7636065476222,600.0
237.5,1542.2701898681419,600.0
237.75,1542.2701898681419,600.0
238.0,1543.7018582133464,600.0
238.25,1542.2260600750913,600.0
238.5,1540.715165121884,600.0
238.75,1539.2393669836288,600.0
239.0,1537.8076986384244,600.0
239.25,1536.7678804780612,600.0
239.5,1534.217167364491,600.0
239.75,1534.2522641794433,600.0
240.0,1535.7631591326506,600.0
240.25,1538.313872246221,600.0
240.5,1540.820455566741,600.0
240.75,1540.8645853597914,600.0
241.0,1542.3403834980465,600.0
241.25,1542.3403834980465,600.0
241.5,1542.3403834980465,600.0
241.75,1540.829488544839,600.0
242.0,1540.8736183378896,600.0
242.25,1539.441949992685,600.0
242.5,1536.9353666721652,600.0
242.75,1538.4462616253727,600.0
243.0,1536.9794964652158,600.0
243.25,1535.9045814899005,600.0
243.5,1534.8647633295375,600.0
243.75,1536.3405614677927,600.0
244.0,1537.772229812997,600.0
244.25,1540.278813133517,600.0
244.5,1541.3537281088322,600.0
244.75,1541.31863129388,600.0
245.0,1539.842833155625,600.0
245.25,1538.3319382024176,600.0
245.5,1535.8253548818977,600.0
245.75,1535.781225088847,600.0
246.0,1534.305426950592,600.0
246.25,1532.8737586053871,600.0
246.5,1534.384653558595,600.0
246.75,1535.8955485118024,600.0
247.0,1534.384653558595,600.0
247.25,1534.384653558595,600.0
247.5,1535.4595685339104,600.0
247.75,1535.4595685339104,600.0
248.0,1535.4595685339104,600.0
248.25,1536.4993866942732,600.0
248.5,1537.5392048546362,600.0
248.75,1534.9884917410657,600.0
249.0,1532.4819084205458,600.0
249.25,1531.0151432603889,600.0
249.5,1529.9402282850733,600.0
249.75,1529.9402282850735,600.0
250.0,1529.9051314701214,600.0
250.25,1528.8653133097582,600.0
250.5,1529.9402282850738,600.0
250.75,1528.508559939869,600.0
251.0,1527.4336449645537,600.0
251.25,1526.3587299892383,600.0
251.5,1524.8829318509831,600.0
251.75,1523.407133712728,600.0
252.0,1523.4071337127282,600.0
252.25,1524.8388020579328,600.0
252.5,1524.8388020579328,600.0
252.75,1523.3279071047255,600.0
253.0,1522.2880889443625,600.0
253.25,1522.3231857593148,600.0
253.5,1523.7899509194717,600.0
253.75,1523.7899509194715,600.0
254.0,1526.3406640330418,600.0
254.25,1526.340664033042,600.0
254.5,1528.847247353562,600.0
254.75,1530.3581423067694,600.0
255.0,1530.3932391217218,600.0
255.25,1532.943952235292,600.0
255.5,1534.3756205804966,600.0
255.75,1535.8514187187516,600.0
256.0,1535.8514187187518,600.0
256.25,1538.402131832322,600.0
256.5,1538.3670350173697,600.0
256.75,1538.3670350173697,600.0
257.0,1539.8338001775269,600.0
257.25,1538.36703501737,600.0
257.5,1538.3319382024176,600.0
257.75,1538.3319382024176,600.0
258.0,1540.8385215229373,600.0
258.25,1540.8385215229373,600.0
258.5,1540.8385215229373,600.0
258.75,1540.838521522937,600.0
259.0,1539.362723384682,600.0
259.25,1539.362723384682,600.0
259.5,1539.4068531777325,600.0
259.75,1537.9310550394778,600.0
260.0,1539.3627233846823,600.0
260.25,1537.8518284314748,600.0
260.5,1536.4201600862702,600.0
260.75,1533.8694469727,600.0
261.0,1534.944361948015,600.0
261.25,1534.9002321549647,600.0
261.5,1533.8604139946015,600.0
261.75,1535.292082339806,600.0
262.0,1533.8604139946015,600.0
262.25,1533.8604139946017,600.0
262.5,1535.3271791547588,600.0
262.75,1534.2873609943958,600.0
263.0,1532.8556926491913,600.0
263.25,1532.820595834239,600.0
263.5,1532.8647256272893,600.0
263.75,1533.9396406026049,600.0
264.0,1533.9396406026049,600.0
264.25,1535.4064057627616,600.0
264.5,1535.3622759697112,600.0
264.75,1536.7939443149157,600.0
265.0,1535.3271791547588,600.0
265.25,1535.3271791547588,600.0
265.5,1535.2920823398065,600.0
265.75,1537.7986656603264,600.0
266.0,1536.7237506850108,600.0
266.25,1534.217167364491,600.0
266.5,1535.256985524854,600.0
266.75,1535.256985524854,600.0
267.0,1534.1820705495386,600.0
267.25,1533.1422523891756,600.0
267.5,1531.6754872290187,600.0
267.75,1532.7153053893817,600.0
268.0,1534.1469737345863,600.0
268.25,1535.6137388947432,600.0
268.5,1535.6137388947432,600.0
268.75,1535.6137388947432,600.0
269.0,1535.5786420797908,600.0
269.25,1535.6227718728412,600.0
269.5,1535.6227718728412,600.0
269.75,1535.6227718728412,600.0
270.0,1535.6227718728412,600.0
270.25,1534.5829537124782,600.0
270.5,1534.6180505274306,600.0
270.75,1533.1512853672739,600.0
271.0,1534.1911035276366,600.0
271.25,1535.2309216879996,600.0
271.5,1536.7418166412072,600.0
271.75,1535.3101482960024,600.0
272.0,1536.3499664563656,600.0
272.25,1538.8565497768855,600.0
272.5,1538.8565497768855,600.0
272.75,1538.8916465918378,600.0
273.0,1536.385063271318,600.0
273.25,1534.9533949261133,600.0
273.5,1533.4775967878581,600.0
273.75,1532.4026818125428,600.0
274.0,1533.8694469726997,600.0
274.25,1531.3187338591292,600.0
274.5,1529.8519686989725,600.0
274.75,1528.420300353768,600.0
275.0,1529.8870655139249,600.0
275.25,1530.9619804892404,600.0
275.5,1529.8870655139249,600.0
275.75,1531.3538306740816,600.0
276.0,1532.820595834239,600.0
276.25,1532.8556926491913,600.0
276.5,1530.3049795356205,600.0
276.75,1531.736647880825,600.0
277.0,1533.2475428340326,600.0
277.25,1533.2916726270832,600.0
277.5,1534.8025675802908,600.0
277.75,1533.7276526049754,600.0
278.0,1533.7276526049754,600.0
278.25,1535.2034507432304,600.0
278.5,1535.168353928278,600.0
278.75,1536.2432689035936,600.0
279.0,1534.8116005583888,600.0
279.25,1537.3623136719593,600.0
279.5,1536.3224955115963,600.0
279.75,1536.3224955115963,600.0
280.0,1533.8159121910764,600.0
280.25,1533.8159121910764,600.0
280.5,1536.3224955115963,600.0
280.75,1533.8159121910764,600.0
281.0,1532.3842438458719,600.0
281.25,1533.8600419841268,600.0
281.5,1534.9349569594422,600.0
281.75,1534.9790867524928,600.0
282.0,1534.9349569594422,600.0
282.25,1532.3842438458719,600.0
282.5,1530.908445707617,600.0
282.75,1530.9084457076167,600.0
283.0,1531.983360682932,600.0
283.25,1531.9833606829322,600.0
283.5,1533.4501258430892,600.0
283.75,1534.925923981344,600.0
284.0,1536.3575923265487,600.0
284.25,1533.8068792129784,600.0
284.5,1536.3575923265487,600.0
284.75,1537.8333904648039,600.0
285.0,1538.8732086251669,600.0
285.25,1538.8732086251669,600.0
285.5,1537.4415402799623,600.0
285.75,1539.9922533935328,600.0
286.0,1538.9173384182172,600.0
286.25,1537.4064434650097,600.0
286.5,1537.4064434650097,600.0
286.75,1535.9306453267548,600.0
287.0,1534.4989769815504,600.0
287.25,1537.00556030207,600.0
287.5,1536.9704634871177,600.0
287.75,1538.0102816474805,600.0
288.0,1539.441949992685,600.0
288.25,1539.3978201996347,600.0
288.5,1539.3978201996347,600.0
288.75,1536.8471070860642,600.0
289.0,1536.8471070860642,600.0
289.25,1539.353690406584,600.0
289.5,1537.877892268329,600.0
289.75,1535.3271791547586,600.0
290.0,1534.2873609943956,600.0
290.25,1534.2522641794433,600.0
290.5,1534.2522641794433,600.0
290.75,1532.7764660411883,600.0
291.0,1535.2830493617082,600.0
291.25,1535.3181461766605,600.0
291.5,1536.7939443149157,600.0
291.75,1538.22561266012,600.0
292.0,1538.1905158451677,600.0
292.25,1538.1905158451677,600.0
292.5,1537.1506976848048,600.0
292.75,1538.6615926380123,600.0
293.0,1538.6615926380123,600.0
293.25,1537.2299242928077,600.0
293.5,1534.723340972288,600.0
293.75,1535.7982559476031,600.0
294.0,1534.3314907874462,600.0
294.25,1532.8998224422417,600.0
294.5,1534.3756205804968,600.0
294.75,1535.4505355558122,600.0
295.0,1536.5254505311273,600.0
295.25,1536.5605473460798,600.0
295.5,1537.9922156912842,600.0
295.75,1539.423884036489,600.0
296.0,1539.4680138295394,600.0
296.25,1539.432917014587,600.0
296.5,1536.8822039010167,600.0
296.75,1535.41543874086,600.0
297.0,1535.4505355558124,600.0
297.25,1535.4946653488626,600.0
297.5,1538.0012486693824,600.0
297.75,1536.5254505311273,600.0
298.0,1535.093782185923,600.0
298.25,1534.0188672106074,600.0
298.5,1536.569580324178,600.0
298.75,1536.5344835092258,600.0
299.0,1535.4946653488628,600.0
299.25,1536.9704634871175,600.0
299.5,1535.4946653488628,600.0
299.75,1536.9704634871175,600.0
300.0,1538.4462616253727,600.0
300.25,1538.4462616253727,600.0
300.5,1538.4903914184233,600.0
300.75,1538.4903914184233,600.0
301.0,1538.4903914184233,600.0
301.25,1540.0012863716306,600.0
301.5,1540.0012863716306,600.0
301.75,1538.9614682112674,600.0
302.0,1540.393136556472,600.0
302.25,1537.8424234429017,600.0
302.5,1535.3358401223818,600.0
302.75,1535.3358401223818,600.0
303.0,1535.335840122382,600.0
303.25,1536.375658282745,600.0
303.5,1536.375658282745,600.0
303.75,1537.842423442902,600.0
304.0,1538.882241603265,600.0
304.25,1538.838111810214,600.0
304.5,1537.763196834899,600.0
304.75,1537.7190670418486,600.0
305.0,1537.7190670418483,600.0
305.25,1539.150735387053,600.0
305.5,1537.674937248798,600.0
305.75,1537.674937248798,600.0
306.0,1537.674937248798,600.0
306.25,1536.1991391105428,600.0
306.5,1536.199139110543,600.0
306.75,1537.2389572709058,600.0
307.0,1534.7323739503859,600.0
307.25,1535.8072889257012,600.0
307.5,1538.3580020392715,600.0
307.75,1538.3580020392715,600.0
308.0,1538.3229052243194,600.0
308.25,1538.3229052243194,600.0
308.5,1535.772192110749,600.0
308.75,1534.3405237655445,600.0
309.0,1533.3007056051815,600.0
309.25,1531.8339404450246,600.0
309.5,1531.8339404450246,600.0
309.75,1529.3273571245047,600.0
310.0,1526.7766440109342,600.0
310.25,1525.3449756657296,600.0
310.5,1525.3449756657296,600.0
310.75,1525.3891054587803,600.0
311.0,1522.8383923452097,600.0
311.25,1521.7634773698944,600.0
311.5,1522.8383923452097,600.0
311.75,1522.873489160162,600.0
312.0,1525.380072480682,600.0
312.25,1526.8558706189372,600.0
312.5,1526.8558706189372,600.0
312.75,1526.8558706189372,600.0
313.0,1528.322635779094,600.0
313.25,1528.322635779094,600.0
313.5,1529.3975507544094,600.0
313.75,1530.8733488926644,600.0
314.0,1531.9131670530273,600.0
314.25,1531.9131670530273,600.0
314.5,1532.988082028343,600.0
314.75,1535.5387951419132,600.0
315.0,1538.0895082554835,600.0
315.25,1539.5653063937384,600.0
315.5,1540.996974738943,600.0
315.75,1538.4462616253727,600.0
316.0,1540.9528449458926,600.0
316.25,1542.027759921208,600.0
316.5,1542.027759921208,600.0
316.75,1540.9528449458926,600.0
317.0,1539.521176600688,600.0
317.25,1538.0453784624328,600.0
317.5,1536.569580324178,600.0
317.75,1538.0453784624328,600.0
318.0,1538.0895082554835,600.0
318.25,1537.0496900951205,600.0
318.5,1538.481358440325,600.0
318.75,1538.481358440325,600.0
319.0,1539.9481236004817,600.0
319.25,1538.908305440119,600.0
319.5,1538.8732086251669,600.0
319.75,1538.8290788321162,600.0
320.0,1537.3532806938613,600.0
320.25,1535.8423857406538,600.0
320.5,1534.375620580497,600.0
320.75,1535.4505355558122,600.0
321.0,1532.9439522352923,600.0
321.25,1532.9439522352923,600.0
321.5,1532.9439522352923,600.0
321.75,1534.0188672106074,600.0
322.0,1533.983770395655,600.0
322.25,1535.4154387408598,600.0
322.5,1535.3803419259075,600.0
322.75,1535.3362121328569,600.0
323.0,1533.860413994602,600.0
323.25,1536.4111271081722,600.0
323.5,1534.9443619480153,600.0
323.75,1534.9443619480153,600.0
324.0,1533.5126936028107,600.0
324.25,1536.063406716381,600.0
324.5,1536.0985035313333,600.0
324.75,1536.142633324384,600.0
325.0,1536.1075365094316,600.0
325.25,1536.142633324384,600.0
325.5,1537.6535282775915,600.0
325.75,1537.6535282775915,600.0
326.0,1538.6933464379545,600.0
326.25,1540.1691445762094,600.0
326.5,1540.1691445762094,600.0
326.75,1539.0942296008939,600.0
327.0,1538.0544114405309,600.0
327.25,1538.0544114405309,600.0
327.5,1538.0895082554835,600.0
327.75,1538.133638048534,600.0
328.0,1538.133638048534,600.0
328.25,1536.6578399102789,600.0
328.5,1538.1687348634864,600.0
328.75,1538.1687348634864,600.0
329.0,1537.0938198881709,600.0
329.25,1537.0938198881709,600.0
329.5,1536.9565789595763,600.0
329.75,1534.4058658460058,600.0
330.0,1535.872631006163,600.0
330.25,1534.7977160308476,600.0
330.5,1534.7535862377972,600.0
330.75,1536.1852545830018,600.0
331.0,1536.2203513979543,600.0
331.25,1536.2203513979541,600.0
331.5,1537.6520197431587,600.0
331.75,1537.6520197431585,600.0
332.0,1538.6918379035217,600.0
332.25,1537.3641864085753,600.0
332.5,1536.8626909350287,600.0
332.75,1534.3936185061718,600.0
333.0,1534.31338642749,600.0
333.25,1535.3793088603775,600.0
333.5,1532.4161430739725,600.0
333.75,1533.725371796531,600.0
334.0,1537.5807523980998,600.0
334.25,1536.283556613212,600.0
334.5,1536.3857007268546,600.0
334.75,1537.376992268959,600.0
335.0,1534.669017588052,600.0
335.25,1535.7839748380925,600.0
335.5,1532.1064404947674,600.0
335.75,1529.6066249587316,600.0
336.0,1528.3029375022384,600.0
336.25,1524.9867510065712,600.0
336.5,1521.0068936970233,600.0
336.75,1521.2861004763995,600.0
337.0,1520.4448201152613,600.0
337.25,1519.3585471050933,600.0
337.5,1521.2914373845854,600.0
337.75,1521.1379640792393,600.0
338.0,1522.614857242743,600.0
338.25,1521.6033254080128,600.0
338.5,1521.7094913418534,600.0
338.75,1518.5219979077606,600.0
339.0,1513.991548203401,600.0
339.25,1513.2326018916708,600.0
339.5,1513.013112022918,600.0
339.75,1514.3975828778607,600.0
340.0,1515.698821420796,600.0
340.25,1515.9360177524409,600.0
340.5,1518.4057191346237,600.0
340.75,1520.947007362327,600.0
341.0,1521.2071079885193,600.0
341.25,1522.947581513913,600.0
341.5,1526.8737934378541,600.0
341.75,1527.6304458707305,600.0
342.0,1528.4558298349145,600.0
342.25,1530.91388413308,600.0
342.5,1528.3481013690855,600.0
342.75,1529.486075863201,600.0
343.0,1529.5210831235838,600.0
343.25,1530.9424906636818,600.0
343.5,1532.2885955630386,600.0
343.75,1531.6161471610026,600.0
344.0,1534.8419293773638,600.0
344.25,1536.853941680931,600.0
344.5,1537.0734315496838,600.0
344.75,1537.248382266207,600.0
345.0,1536.1457929245382,600.0
345.25,1535.8334575032163,600.0
345.5,1534.5347071438382,600.0
345.75,1534.4932344521706,600.0
346.0,1534.4504756252456,600.0
346.25,1536.0261885955183,600.0
346.5,1534.648165635921,600.0
346.75,1534.6872213989839,600.0
347.0,1536.1698829560946,600.0
347.25,1534.6940848178397,600.0
347.5,1535.828472775888,600.0
347.75,1535.8372458777203,600.0
348.0,1533.3211947947452,600.0
348.25,1531.84539665649,600.0
348.5,1531.8804934714426,600.0
348.75,1532.9203116318054,600.0
349.0,1531.4445134935504,600.0
349.25,1529.997699435809,600.0
349.5,1531.4644645959659,600.0
349.75,1529.988666457711,600.0
350.0,1531.0312267771942,600.0
350.25,1532.4979919373513,600.0
350.5,1533.5729069126667,600.0
350.75,1531.0663235921465,600.0
351.0,1532.152669249373,600.0
351.25,1530.6417742961655,600.0
351.5,1530.6417742961655,600.0
351.75,1530.6417742961655,600.0
352.0,1530.6417742961655,600.0
352.25,1532.07344264137,600.0
352.5,1532.07344264137,600.0
352.75,1532.0383458264175,600.0
353.0,1534.5543969093928,600.0
353.25,1533.4794819340777,600.0
353.5,1533.4443851191254,600.0
353.75,1533.4794819340775,600.0
354.0,1533.4443851191252,600.0
354.25,1532.384615856347,600.0
354.5,1532.3846158563467,600.0
354.75,1532.3846158563467,600.0
355.0,1532.3846158563467,600.0
355.25,1530.91785069619,600.0
355.5,1530.91785069619,600.0
355.75,1531.9927656715051,600.0
356.0,1531.9927656715051,600.0
356.25,1532.0278624864575,600.0
356.5,1533.5036606247127,600.0
356.75,1534.9794587629676,600.0
357.0,1535.0235885560182,600.0
357.25,1535.0677183490686,600.0
357.5,1536.499386694273,600.0
357.75,1536.5344835092253,600.0
358.0,1535.1028151640207,600.0
358.25,1537.6535282775912,600.0
358.5,1537.6886250925436,600.0
358.75,1537.6886250925436,600.0
359.0,1537.6886250925438,600.0
359.25,1537.6886250925438,600.0
359.5,1536.221859932387,600.0
359.75,1535.1469449570716,600.0
360.0,1536.6578399102789,600.0
360.25,1535.618021749916,600.0
360.5,1537.0938198881709,600.0
360.75,1537.0938198881709,600.0
361.0,1538.5254882333754,600.0
361.25,1538.5254882333757,600.0
361.5,1537.0496900951207,600.0
361.75,1535.5738919568655,600.0
362.0,1534.0980938186106,600.0
362.25,1531.54738070504,600.0
362.5,1529.0407973845201,600.0
362.75,1527.9658824092048,600.0
363.0,1526.8909674338895,600.0
363.25,1525.4151692956343,600.0
363.5,1525.4151692956343,600.0
363.75,1524.340254320319,600.0
364.0,1523.300436159956,600.0
364.25,1523.3004361599562,600.0
364.5,1523.3004361599562,600.0
364.75,1525.8511492735265,600.0
365.0,1525.8511492735265,600.0
365.25,1526.926064248842,600.0
365.5,1525.4151692956345,600.0
365.75,1524.3402543203192,600.0
366.0,1522.873489160162,600.0
366.25,1521.7985741848468,600.0
366.5,1521.7634773698944,600.0
366.75,1521.7634773698944,600.0
367.0,1521.728380554942,600.0
367.25,1522.768198715305,600.0
367.5,1523.8431136906204,600.0
367.75,1524.9180286659357,600.0
368.0,1524.9180286659357,600.0
368.25,1524.9180286659357,600.0
368.5,1526.3938268041907,600.0
368.75,1527.4687417795062,600.0
369.0,1528.508559939869,600.0
369.25,1528.508559939869,600.0
369.5,1528.5436567548213,600.0
369.75,1527.032761801614,600.0
370.0,1525.5569636633588,600.0
370.25,1525.5218668484067,600.0
370.5,1527.032761801614,600.0
370.75,1528.1076767769293,600.0
371.0,1527.0678586165664,600.0
371.25,1528.1427735918817,600.0
371.5,1529.6095387520386,600.0
371.75,1529.6095387520386,600.0
372.0,1531.1204337052463,600.0
372.25,1532.6313286584536,600.0
372.5,1534.0629970036582,600.0
372.75,1535.5387951419132,600.0
373.0,1536.6137101172285,600.0
373.25,1536.5786133022762,600.0
373.5,1535.102815164021,600.0
373.75,1535.0677183490686,600.0
374.0,1536.5344835092258,600.0
374.25,1539.085196622796,600.0
374.5,1540.5168649680004,600.0
374.75,1542.0277599212081,600.0
375.0,1543.4594282664125,600.0
375.25,1543.4945250813648,600.0
375.5,1542.0187269431099,600.0
375.75,1543.4503952883144,600.0
376.0,1545.956978608834,600.0
376.25,1547.432776747089,600.0
376.5,1546.0011084018847,600.0
376.75,1544.9261934265694,600.0
377.0,1543.4503952883144,600.0
377.25,1541.939500335107,600.0
377.5,1541.939500335107,600.0
377.75,1541.8953705420565,600.0
378.0,1543.327038887261,600.0
378.25,1544.7938040474178,600.0
378.5,1544.7587072324654,600.0
378.75,1543.7188890721025,600.0
379.0,1542.2872207268979,600.0
379.25,1540.7763257736906,600.0
379.5,1539.3095606135337,600.0
379.75,1537.8337624752787,600.0
380.0,1536.4020941300741,600.0
380.25,1536.3669973151216,600.0
380.5,1536.3319005001692,600.0
380.75,1536.3319005001692,600.0
381.0,1533.8253171796493,600.0
381.25,1532.314422226442,600.0
381.5,1533.790220364697,600.0
381.75,1534.8651353400123,600.0
382.0,1536.296803685217,600.0
382.25,1536.296803685217,600.0
382.5,1534.8651353400123,600.0
382.75,1533.4334669948078,600.0
383.0,1530.9268836742879,600.0
383.25,1528.4203003537677,600.0
383.5,1529.8870655139249,600.0
383.75,1530.9619804892402,600.0
384.0,1532.4377786274952,600.0
384.25,1532.4377786274952,600.0
384.5,1531.3979604671324,600.0
384.75,1531.36286365218,600.0
385.0,1531.36286365218,600.0
385.25,1531.3979604671324,600.0
385.5,1531.4330572820847,600.0
385.75,1530.0013889368802,600.0
386.0,1531.0763039121955,600.0
386.25,1531.111400727148,600.0
386.5,1529.6005057739408,600.0
386.75,1529.6005057739408,600.0
387.0,1527.0939224534209,600.0
387.25,1526.0541042930577,600.0
387.5,1526.0541042930577,600.0
387.75,1527.4857726382622,600.0
388.0,1528.5606876135776,600.0
388.25,1529.6005057739408,600.0
388.5,1528.1688374287362,600.0
388.75,1528.1688374287362,600.0
389.0,1528.1688374287362,600.0
389.25,1529.635602588893,600.0
389.5,1529.6356025888929,600.0
389.75,1529.6356025888929,600.0
390.0,1531.1114007271478,600.0
390.25,1531.0763039121955,600.0
390.5,1532.5521020504507,600.0
390.75,1532.5170052354983,600.0
391.0,1531.4420902601828,600.0
391.25,1531.4420902601828,600.0
391.5,1530.40227209982,600.0
391.75,1530.4022720998198,600.0
392.0,1530.4022720998196,600.0
392.25,1532.9088554203397,600.0
392.5,1534.384653558595,600.0
392.75,1532.9529852133903,600.0
393.0,1532.9529852133903,600.0
393.25,1532.9880820283427,600.0
393.5,1531.9131670530273,600.0
393.75,1530.8382520777118,600.0
394.0,1530.7941222846614,600.0
394.25,1529.3624539394568,600.0
394.5,1530.4022720998198,600.0
394.75,1530.40227209982,600.0
395.0,1530.40227209982,600.0
395.25,1531.9131670530273,600.0
395.5,1531.9131670530273,600.0
395.75,1531.9482638679797,600.0
396.0,1534.4989769815502,600.0
396.25,1534.4638801665978,600.0
396.5,1535.5387951419132,600.0
396.75,1535.538795141913,600.0
397.0,1538.0895082554835,600.0
397.25,1536.6578399102789,600.0
397.5,1535.182041772024,600.0
397.75,1534.1071267967086,600.0
398.0,1534.1071267967086,600.0
398.25,1535.5829249349636,600.0
398.5,1536.6578399102789,600.0
398.75,1539.2085530238494,600.0
399.0,1539.2085530238494,600.0
399.25,1540.6843511621043,600.0
399.5,1539.6445330017414,600.0
399.75,1538.6047148413784,600.0
400.0,1537.1289167031234,600.0
400.25,1535.6531185648685,600.0
400.5,1535.6531185648682,600.0
400.75,1535.6531185648685,600.0
401.0,1534.142223611661,600.0
401.25,1534.1773204266133,600.0
401.5,1534.142223611661,600.0
401.75,1534.1071267967086,600.0
402.0,1532.5962318435013,600.0
402.25,1534.0279001887059,600.0
402.5,1534.0279001887059,600.0
402.75,1536.5786133022762,600.0
403.0,1538.054411440531,600.0
403.25,1538.054411440531,600.0
403.5,1539.4860797857357,600.0
403.75,1536.9353666721652,600.0
404.0,1535.5036983269606,600.0
404.25,1535.5036983269606,600.0
404.5,1536.5435164873236,600.0
404.75,1539.0500998078437,600.0
405.0,1539.0500998078435,600.0
405.25,1539.0150029928911,600.0
405.5,1537.539204854636,600.0
405.75,1537.539204854636,600.0
406.0,1537.5743016695885,600.0
406.25,1537.5743016695883,600.0
406.5,1536.5344835092255,600.0
406.75,1538.0012486693827,600.0
407.0,1538.036345484335,600.0
407.25,1536.6046771391302,600.0
407.5,1538.0804752773852,600.0
407.75,1535.5297621638151,600.0
408.0,1535.4856323707645,600.0
408.25,1534.0098342325095,600.0
408.5,1532.5430690723524,600.0
408.75,1532.5430690723524,600.0
409.0,1534.0188672106076,600.0
409.25,1532.5079722574003,600.0
409.5,1534.0188672106074,600.0
409.75,1532.587198865403,600.0
410.0,1534.0188672106076,600.0
410.25,1532.9790490502446,600.0
410.5,1534.4548471884996,600.0
410.75,1534.4197503735472,600.0
411.0,1534.4197503735472,600.0
411.25,1534.4197503735475,600.0
411.5,1536.9263336940671,600.0
411.75,1535.4595685339102,600.0
412.0,1536.8912368791148,600.0
412.25,1538.3229052243191,600.0
412.5,1536.8471070860642,600.0
412.75,1539.3978201996347,600.0
413.0,1539.441949992685,600.0
413.25,1539.441949992685,600.0
413.5,1539.4770468076374,600.0
413.75,1541.9836301281575,600.0
414.0,1541.939500335107,600.0
414.25,1541.9745971500593,600.0
414.5,1541.9304673570089,600.0
414.75,1540.8555523816935,600.0
415.0,1538.3489690611736,600.0
415.25,1539.4238840364887,600.0
415.5,1537.9480858982338,600.0
415.75,1539.4589808514413,600.0
416.0,1539.4238840364892,600.0
416.25,1538.3489690611736,600.0
416.5,1538.393098854224,600.0
416.75,1537.3532806938613,600.0
417.0,1535.9216123486565,600.0
417.25,1534.4548471884996,600.0
417.5,1535.9306453267548,600.0
417.75,1535.8865155337041,600.0
418.0,1534.3756205804968,600.0
418.25,1534.3405237655445,600.0
418.5,1534.3405237655445,600.0
418.75,1531.8339404450244,600.0
419.0,1530.4022720998198,600.0
419.25,1530.3671752848675,600.0
419.5,1527.8605919643476,600.0
419.75,1530.3671752848675,600.0
420.0,1530.3671752848675,600.0
420.25,1530.3320784699151,600.0
420.5,1531.8078766081703,600.0
420.75,1531.7637468151197,600.0
421.0,1531.798843630072,600.0
421.25,1532.8737586053874,600.0
421.5,1531.3979604671324,600.0
421.75,1533.9486735807027,600.0
422.0,1535.380341925907,600.0
422.25,1534.3405237655445,600.0
422.5,1534.296393972494,600.0
422.75,1534.3405237655443,600.0
423.0,1535.8072889257014,600.0
423.25,1537.274054085858,600.0
423.5,1538.7057224310627,600.0
423.75,1539.780637406378,600.0
424.0,1539.780637406378,600.0
424.25,1539.8157342213303,600.0
424.5,1542.3223175418505,600.0
424.75,1542.3664473349008,600.0
425.0,1543.4062654952638,600.0
425.25,1544.873030655421,600.0
425.5,1543.3972325171658,600.0
425.75,1543.4413623102162,600.0
426.0,1543.4413623102162,600.0
